"","FIPS","ISO2","ISO3","UN","NAME","AREA","POP2005","REGION","SUBREGION","LON","LAT"
"0","AC","AG","ATG",28,"Antigua and Barbuda",44,0.083039,19,29,-61.783,17.078
"1","AG","DZ","DZA",12,"Algeria",238174,32.854159,2,15,2.632,28.163
"2","AJ","AZ","AZE",31,"Azerbaijan",8260,8.352021,142,145,47.395,40.43
"3","AL","AL","ALB",8,"Albania",2740,3.153731,150,39,20.068,41.143
"4","AM","AM","ARM",51,"Armenia",2820,3.017661,142,145,44.563,40.534
"5","AO","AO","AGO",24,"Angola",124670,16.095214,2,17,17.544,-12.296
"6","AQ","AS","ASM",16,"American Samoa",20,0.064051,9,61,-170.73,-14.318
"7","AR","AR","ARG",32,"Argentina",273669,38.747148,19,5,-65.167,-35.377
"8","AS","AU","AUS",36,"Australia",768230,20.310208,9,53,136.189,-24.973
"9","BA","BH","BHR",48,"Bahrain",71,0.724788,142,145,50.562,26.019
"10","BB","BB","BRB",52,"Barbados",43,0.291933,19,29,-59.559,13.153
"11","BD","BM","BMU",60,"Bermuda",5,0.064174,19,21,-64.709,32.336
"12","BF","BS","BHS",44,"Bahamas",1001,0.323295,19,29,-78.014,24.628
"13","BG","BD","BGD",50,"Bangladesh",13017,15.328112,142,34,89.941,24.218
"14","BH","BZ","BLZ",84,"Belize",2281,0.275546,19,13,-88.602,17.219
"15","BK","BA","BIH",70,"Bosnia and Herzegovina",5120,3.915238,150,39,17.786,44.169
"16","BL","BO","BOL",68,"Bolivia",108438,9.182015,19,5,-64.671,-16.715
"17","BM","MM","MMR",104,"Burma",65755,47.967266,142,35,96.041,21.718
"18","BN","BJ","BEN",204,"Benin",11062,8.490301,2,11,2.469,10.541
"19","BP","SB","SLB",90,"Solomon Islands",2799,0.472419,9,54,160.109,-9.611
"20","BR","BR","BRA",76,"Brazil",845942,186.830759,19,5,-53.089,-10.772
"21","BU","BG","BGR",100,"Bulgaria",11063,7.744591,150,151,25.231,42.761
"22","BX","BN","BRN",96,"Brunei Darussalam",527,0.373831,142,35,114.591,4.468
"23","CA","CA","CAN",124,"Canada",909351,32.270507,19,21,-109.433,59.081
"24","CB","KH","KHM",116,"Cambodia",17652,13.955507,142,35,104.564,12.714
"25","CE","LK","LKA",144,"Sri Lanka",6463,19.120763,142,34,80.704,7.612
"26","CF","CG","COG",178,"Congo",34150,3.609851,2,17,15.986,-0.055
"27","CG","CD","COD",180,"Democratic Republic of the Congo",226705,58.740547,2,17,23.654,-2.876
"28","BY","BI","BDI",108,"Burundi",2568,7.858791,2,14,29.887,-3.356
"29","CH","CN","CHN",156,"China",932743,1312.978855,142,30,106.514,33.42
"30","AF","AF","AFG",4,"Afghanistan",65209,25.067407,142,34,65.216,33.677
"31","BT","BT","BTN",64,"Bhutan",4700,0.637013,142,34,90.429,27.415
"32","CI","CL","CHL",152,"Chile",74880,16.295102,19,5,-69.433,-23.389
"33","CJ","KY","CYM",136,"Cayman Islands",26,0.045591,19,29,-81.198,19.314
"34","CM","CM","CMR",120,"Cameroon",46540,17.795149,2,17,12.277,5.133
"35","CD","TD","TCD",148,"Chad",125920,10.145609,2,17,18.665,15.361
"36","CN","KM","COM",174,"Comoros",223,0.797902,2,14,43.337,-11.758
"37","CO","CO","COL",170,"Colombia",103870,4.494579,19,5,-73.076,3.9
"38","CS","CR","CRI",188,"Costa Rica",5106,4.327228,19,13,-83.946,9.971
"39","CT","CF","CAF",140,"Central African Republic",62298,4.191429,2,17,20.483,6.571
"40","CU","CU","CUB",192,"Cuba",10982,11.259905,19,29,-77.781,21.297
"41","CV","CV","CPV",132,"Cape Verde",403,0.506807,2,11,-23.634,15.071
"42","CW","CK","COK",184,"Cook Islands",24,0.013984,9,61,-159.782,-21.219
"43","CY","CY","CYP",196,"Cyprus",924,0.836321,142,145,33.219,35.043
"44","DA","DK","DNK",208,"Denmark",4243,5.416945,150,154,9.264,56.058
"45","DJ","DJ","DJI",262,"Djibouti",2318,0.804206,2,14,42.516,11.9
"46","DO","DM","DMA",212,"Dominica",75,0.067827,19,29,-61.356,15.475
"47","DR","DO","DOM",214,"Dominican Republic",4838,9.469601,19,29,-70.729,19.015
"48","EC","EC","ECU",218,"Ecuador",27684,13.060993,19,5,-78.497,-1.385
"49","EG","EG","EGY",818,"Egypt",99545,72.849793,2,15,29.872,26.494
"50","EI","IE","IRL",372,"Ireland",6889,4.143294,150,154,-8.152,53.177
"51","EK","GQ","GNQ",226,"Equatorial Guinea",2805,0.484098,2,17,10.488,1.607
"52","EN","EE","EST",233,"Estonia",4239,1.344312,150,154,25.793,58.674
"53","ER","ER","ERI",232,"Eritrea",10100,4.526722,2,14,38.219,16.045
"54","ES","SV","SLV",222,"El Salvador",2072,6.668356,19,13,-88.866,13.736
"55","ET","ET","ETH",231,"Ethiopia",100000,78.985857,2,14,39.616,8.626
"56","AU","AT","AUT",40,"Austria",8245,8.291979,150,155,14.912,47.683
"57","EZ","CZ","CZE",203,"Czech Republic",7727,10.191762,150,151,15.338,49.743
"58","FG","GF","GUF",254,"French Guiana",8815,0.192099,19,5,-53.241,3.924
"59","FI","FI","FIN",246,"Finland",30459,5.246004,150,154,26.272,64.504
"60","FJ","FJ","FJI",242,"Fiji",1827,0.828046,9,54,177.974,-17.819
"61","FK","FK","FLK",238,"Falkland Islands (Malvinas)",1217,0.002975,19,5,-58.694,-51.665
"62","FM","FM","FSM",583,"Micronesia, Federated States of",70,0.110058,9,57,158.235,6.883
"63","FP","PF","PYF",258,"French Polynesia",366,0.255632,9,61,-149.462,-17.626
"64","FR","FR","FRA",250,"France",55010,60.990544,150,155,2.55,46.565
"65","GA","GM","GMB",270,"Gambia",1000,1.617029,2,11,-15.386,13.453
"66","GB","GA","GAB",266,"Gabon",25767,1.290693,2,17,11.797,-0.591
"67","GG","GE","GEO",268,"Georgia",6949,4.473409,142,145,43.518,42.176
"68","GH","GH","GHA",288,"Ghana",22754,2.253501,2,11,-1.207,7.96
"69","GJ","GD","GRD",308,"Grenada",34,0.105237,19,29,-61.678,12.118
"70","GL","GL","GRL",304,"Greenland",41045,0.057475,19,21,-41.391,74.719
"71","GM","DE","DEU",276,"Germany",34895,82.652369,150,155,9.851,51.11
"72","GQ","GU","GUM",316,"Guam",55,0.016857,9,57,144.707,13.385
"73","GR","GR","GRC",300,"Greece",12890,11.099737,150,39,21.766,39.666
"74","GT","GT","GTM",320,"Guatemala",10843,12.709564,19,13,-90.398,15.256
"75","GV","GN","GIN",324,"Guinea",24572,9.002656,2,11,-10.942,10.439
"76","GY","GY","GUY",328,"Guyana",19685,0.739472,19,5,-58.974,4.792
"77","HA","HT","HTI",332,"Haiti",2756,9.296291,19,29,-72.278,19.142
"78","HO","HN","HND",340,"Honduras",11189,0.683411,19,13,-86.863,14.819
"79","HR","HR","HRV",191,"Croatia",5592,0.455149,150,39,16.693,45.723
"80","HU","HU","HUN",348,"Hungary",9210,10.086387,150,151,19.134,47.07
"81","IC","IS","ISL",352,"Iceland",10025,0.295732,150,154,-18.48,64.764
"82","IN","IN","IND",356,"India",297319,1134.403141,142,34,78.5,21
"83","IR","IR","IRN",364,"Iran (Islamic Republic of)",163620,69.420607,142,34,54.301,32.565
"84","IS","IL","ISR",376,"Israel",2171,6.692037,142,145,34.851,31.026
"85","IT","IT","ITA",380,"Italy",29411,5.864636,150,39,12.8,42.7
"86","IV","CI","CIV",384,"Cote d'Ivoire",31800,18.584701,2,11,-5.556,7.632
"87","IZ","IQ","IRQ",368,"Iraq",43737,27.995984,142,145,43.772,33.048
"88","JA","JP","JPN",392,"Japan",36450,127.89674,142,30,139.068,36.491
"89","JM","JM","JAM",388,"Jamaica",1083,2.682469,19,29,-77.32,18.151
"90","JO","JO","JOR",400,"Jordan",8824,5.544066,142,145,36.319,30.703
"91","KE","KE","KEN",404,"Kenya",56914,35.598952,2,14,37.858,0.53
"92","KG","KG","KGZ",417,"Kyrgyzstan",19180,5.203547,142,143,74.555,41.465
"93","KN","KP","PRK",408,"Korea, Democratic People's Republic of",12041,23.615611,142,30,126.451,39.778
"94","KR","KI","KIR",296,"Kiribati",73,0.092003,9,57,175.036,-1.508
"95","KS","KR","KOR",410,"Korea, Republic of",9873,47.869837,142,30,128.103,36.504
"96","KU","KW","KWT",414,"Kuwait",1782,0.0027,142,145,47.376,29.476
"97","KZ","KZ","KAZ",398,"Kazakhstan",269970,15.210609,142,143,67.301,48.16
"98","LA","LA","LAO",418,"Lao People's Democratic Republic",23080,0.566391,142,35,102.471,19.905
"99","LE","LB","LBN",422,"Lebanon",1023,0.401074,142,145,35.888,33.92
"100","LG","LV","LVA",428,"Latvia",6205,2.301793,150,154,25.641,56.858
"101","BO","BY","BLR",112,"Belarus",20748,9.795287,150,151,28.047,53.54
"102","LH","LT","LTU",440,"Lithuania",6268,3.425077,150,154,23.897,55.336
"103","LI","LR","LBR",430,"Liberia",9632,3.441796,2,11,-9.657,6.682
"104","LO","SK","SVK",703,"Slovakia",4808,5.386995,150,151,19.491,48.707
"105","LS","LI","LIE",438,"Liechtenstein",16,0.034598,150,155,9.555,47.153
"106","LY","LY","LBY",434,"Libyan Arab Jamahiriya",175954,5.918217,2,15,18.023,27.044
"107","MA","MG","MDG",450,"Madagascar",58154,18.642586,2,14,46.706,-19.374
"108","MB","MQ","MTQ",474,"Martinique",106,0.395896,19,29,-61.021,14.653
"109","MG","MN","MNG",496,"Mongolia",156650,2.580704,142,30,102.876,46.056
"110","MH","MS","MSR",500,"Montserrat",10,0.005628,19,29,-62.187,16.736
"111","MK","MK","MKD",807,"The former Yugoslav Republic of Macedonia",2543,2.033655,150,39,21.698,41.6
"112","ML","ML","MLI",466,"Mali",122019,1.161109,2,11,-3.524,17.35
"113","MO","MA","MAR",504,"Morocco",44630,30.494991,2,15,-5.758,32.706
"114","MP","MU","MUS",480,"Mauritius",203,1.241173,2,14,57.583,-20.255
"115","MR","MR","MRT",478,"Mauritania",102522,2.963105,2,11,-10.332,20.26
"116","MT","MT","MLT",470,"Malta",32,0.402617,150,39,14.442,35.89
"117","MU","OM","OMN",512,"Oman",30950,2.507042,142,145,57.407,21.656
"118","MV","MV","MDV",462,"Maldives",30,0.295297,142,34,72.92,3.548
"119","MX","MX","MEX",484,"Mexico",190869,104.266392,19,13,-102.535,23.951
"120","MY","MY","MYS",458,"Malaysia",32855,25.652985,142,35,102.195,4.201
"121","MZ","MZ","MOZ",508,"Mozambique",78409,20.532675,2,14,37.923,-14.422
"122","MI","MW","MWI",454,"Malawi",9408,13.226091,2,14,33.808,-13.4
"123","NC","NC","NCL",540,"New Caledonia",1828,0.234185,9,54,165.447,-21.359
"124","NE","NU","NIU",570,"Niue",26,0.001632,9,61,-169.869,-19.052
"125","NG","NE","NER",562,"Niger",126670,1.326419,2,11,9.398,17.426
"126","AA","AW","ABW",533,"Aruba",0,0.102897,19,29,-69.977,12.517
"127","AV","AI","AIA",660,"Anguilla",0,0.012256,19,29,-63.032,18.237
"128","BE","BE","BEL",56,"Belgium",0,10.398049,150,155,4.664,50.643
"129","HK","HK","HKG",344,"Hong Kong",0,7.057418,142,30,114.129,22.423
"130","CQ","MP","MNP",580,"Northern Mariana Islands",0,0.080258,9,57,145.623,15.005
"131","FO","FO","FRO",234,"Faroe Islands",0,0.048205,150,154,-6.864,62.05
"132","AN","AD","AND",20,"Andorra",0,0.073483,150,39,1.576,42.549
"133","GI","GI","GIB",292,"Gibraltar",0,0.000291,150,39,-5.345,36.138
"134","IM","IM","IMN",833,"Isle of Man",0,0.078357,150,154,-4.527,54.229
"135","LU","LU","LUX",442,"Luxembourg",0,0.456613,150,155,6.088,49.771
"136","MC","MO","MAC",446,"Macau",0,0.047309,142,30,113.545,22.2
"137","MN","MC","MCO",492,"Monaco",0,0.000325,150,155,7.412,43.75
"138",NA,"PS","PSE",275,"Palestine",0,3.762005,142,145,35.278,32.037
"139","MJ","ME","MNE",499,"Montenegro",0,0.607969,150,39,19.254,42.792
"140","MF","YT","MYT",175,"Mayotte",0,NA,2,14,45.155,-12.777
"141",NA,"AX","ALA",248,"Åland Islands",0,NA,150,154,19.952,60.198
"142","NF","NF","NFK",574,"Norfolk Island",0,NA,9,53,167.953,-29.037
"143","CK","CC","CCK",166,"Cocos (Keeling) Islands",1,NA,0,0,96.839,-12.173
"144","AY","AQ","ATA",10,"Antarctica",0,NA,0,0,21.304,-80.446
"145","BV","BV","BVT",74,"Bouvet Island",0,NA,0,0,3.412,-54.422
"146","FS","TF","ATF",260,"French Southern and Antarctic Lands",0,NA,0,0,69.117,-49.302
"147","HM","HM","HMD",334,"Heard Island and McDonald Islands",0,NA,0,0,73.507,-53.111
"148","IO","IO","IOT",86,"British Indian Ocean Territory",0,NA,0,0,72.416,-7.335
"149","KT","CX","CXR",162,"Christmas Island",0,NA,0,0,105.704,-10.444
"150",NA,"UM","UMI",581,"United States Minor Outlying Islands",0,NA,0,0,-160.027,-0.385
"151","NH","VU","VUT",548,"Vanuatu",1219,0.215366,9,54,166.899,-15.376
"152","NI","NG","NGA",566,"Nigeria",91077,141.356083,2,11,8.105,9.594
"153","NL","NL","NLD",528,"Netherlands",3388,1.632769,150,155,5.389,52.077
"154","NO","NO","NOR",578,"Norway",30625,4.638836,150,154,8.74,61.152
"155","NP","NP","NPL",524,"Nepal",14300,27.093656,142,34,83.939,28.253
"156","NR","NR","NRU",520,"Nauru",2,0.010111,9,57,166.93,-0.522
"157","NS","SR","SUR",740,"Suriname",15600,0.452468,19,5,-55.912,4.127
"158","NU","NI","NIC",558,"Nicaragua",12140,5.462539,19,13,-85.034,12.84
"159","NZ","NZ","NZL",554,"New Zealand",26799,4.097112,9,53,172.235,-42.634
"160","PA","PY","PRY",600,"Paraguay",39730,5.904342,19,5,-58.391,-23.236
"161","PE","PE","PER",604,"Peru",128000,27.274266,19,5,-75.552,-9.326
"162","PK","PK","PAK",586,"Pakistan",77088,158.080591,142,34,69.386,29.967
"163","PL","PL","POL",616,"Poland",30629,38.195558,150,151,19.401,52.125
"164","PM","PA","PAN",591,"Panama",7443,3.231502,19,13,-80.92,8.384
"165","PO","PT","PRT",620,"Portugal",9150,10.528226,150,39,-8.058,40.309
"166","PP","PG","PNG",598,"Papua New Guinea",45286,6.069715,9,54,143.459,-5.949
"167","PU","GW","GNB",624,"Guinea-Bissau",2812,1.596929,2,11,-14.651,12.125
"168","QA","QA","QAT",634,"Qatar",1100,0.796186,142,145,51.191,25.316
"169","RE","RE","REU",638,"Reunion",250,0.785159,2,14,55.538,-21.122
"170","RO","RO","ROU",642,"Romania",22987,21.627557,150,151,24.969,45.844
"171","MD","MD","MDA",498,"Republic of Moldova",3288,3.876661,150,151,28.599,47.193
"172","RP","PH","PHL",608,"Philippines",29817,84.566163,142,35,122.466,11.118
"173","RQ","PR","PRI",630,"Puerto Rico",887,3.946779,19,29,-66.466,18.221
"174","RS","RU","RUS",643,"Russia",1638094,143.953092,150,151,96.689,61.988
"175","RW","RW","RWA",646,"Rwanda",2467,9.233793,2,14,29.917,-1.998
"176","SA","SA","SAU",682,"Saudi Arabia",214969,2.361236,142,145,44.585,24.023
"177","SC","KN","KNA",659,"Saint Kitts and Nevis",36,0.049138,19,29,-62.769,17.34
"178","SE","SC","SYC",690,"Seychelles",46,0.085532,2,14,55.474,-4.647
"179","SF","ZA","ZAF",710,"South Africa",121447,47.938663,2,18,23.121,-30.558
"180","LT","LS","LSO",426,"Lesotho",3035,1.980831,2,18,28.243,-29.581
"181","BC","BW","BWA",72,"Botswana",56673,1.835938,2,18,23.815,-22.182
"182","SG","SN","SEN",686,"Senegal",19253,1.177034,2,11,-14.881,15.013
"183","SI","SI","SVN",705,"Slovenia",2014,1.999425,150,39,14.827,46.124
"184","SL","SL","SLE",694,"Sierra Leone",7162,5.586403,2,11,-11.792,8.56
"185","SN","SG","SGP",702,"Singapore",67,4.327468,142,35,103.808,1.351
"186","SO","SO","SOM",706,"Somalia",62734,8.196395,2,14,48.316,9.774
"187","SP","ES","ESP",724,"Spain",49904,43.397491,150,39,-3.649,40.227
"188","ST","LC","LCA",662,"Saint Lucia",61,0.016124,19,29,-60.969,13.898
"189","SU","SD","SDN",736,"Sudan",237600,36.899747,2,15,30.05,13.832
"190","SW","SE","SWE",752,"Sweden",41033,9.038049,150,154,15.27,62.011
"191","SY","SY","SYR",760,"Syrian Arab Republic",18378,18.893881,142,145,38.506,35.013
"192","SZ","CH","CHE",756,"Switzerland",4000,7.424389,150,155,7.908,46.861
"193","TD","TT","TTO",780,"Trinidad and Tobago",513,1.323722,19,29,-61.253,10.468
"194","TH","TH","THA",764,"Thailand",51089,63.002911,142,35,100.844,15.7
"195","TI","TJ","TJK",762,"Tajikistan",13996,6.550213,142,143,69.42,38.665
"196","TL","TK","TKL",772,"Tokelau",1,0.001401,9,61,-171.853,-9.193
"197","TN","TO","TON",776,"Tonga",72,0.099361,9,61,-175.185,-21.202
"198","TO","TG","TGO",768,"Togo",5439,6.238572,2,11,1.081,8.799
"199","TP","ST","STP",678,"Sao Tome and Principe",96,0.152622,2,17,6.629,0.201
"200","TS","TN","TUN",788,"Tunisia",15536,10.104685,2,15,9.596,35.383
"201","TU","TR","TUR",792,"Turkey",76963,72.969723,142,145,35.179,39.061
"202","TV","TV","TUV",798,"Tuvalu",3,0.010441,9,61,179.219,-8.514
"203","TX","TM","TKM",795,"Turkmenistan",46993,4.833266,142,143,59.384,39.122
"204","TZ","TZ","TZA",834,"United Republic of Tanzania",88359,38.477873,2,14,34.823,-6.27
"205","UG","UG","UGA",800,"Uganda",19710,28.947181,2,14,32.386,1.28
"206","UK","GB","GBR",826,"United Kingdom",24193,60.244834,150,154,-1.6,53
"207","UP","UA","UKR",804,"Ukraine",57935,46.917544,150,151,31.388,49.016
"208","US","US","USA",840,"United States",915896,299.846449,19,21,-98.606,39.622
"209","UV","BF","BFA",854,"Burkina Faso",27360,13.933363,2,11,-1.74,12.278
"210","UY","UY","URY",858,"Uruguay",17502,3.325727,19,5,-56.012,-32.8
"211","UZ","UZ","UZB",860,"Uzbekistan",42540,26.593123,142,143,63.17,41.75
"212","VC","VC","VCT",670,"Saint Vincent and the Grenadines",39,0.119137,19,29,-61.194,13.248
"213","VE","VE","VEN",862,"Venezuela",88205,26.725573,19,5,-66.166,7.125
"214","VI","VG","VGB",92,"British Virgin Islands",15,0.022016,19,29,-64.39,18.483
"215","VM","VN","VNM",704,"Viet Nam",32549,85.028643,142,35,105.314,21.491
"216","VQ","VI","VIR",850,"United States Virgin Islands",35,0.111408,19,29,-64.785,17.741
"217","WA","NA","NAM",516,"Namibia",82329,2.019677,2,18,17.218,-22.133
"218","WF","WF","WLF",876,"Wallis and Futuna Islands",14,0.015079,9,61,-178.131,-14.289
"219","WS","WS","WSM",882,"Samoa",283,0.183845,9,61,-172.414,-13.652
"220","WZ","SZ","SWZ",748,"Swaziland",1720,1.124529,2,18,31.497,-26.562
"221","YM","YE","YEM",887,"Yemen",52797,21.095679,142,145,48.355,15.807
"222","ZA","ZM","ZMB",894,"Zambia",74339,11.478317,2,14,26.32,-14.614
"223","ZI","ZW","ZWE",716,"Zimbabwe",38685,13.119679,2,14,29.872,-19
"224","ID","ID","IDN",360,"Indonesia",181157,226.063044,142,35,114.252,-0.976
"225","GP","GP","GLP",312,"Guadeloupe",169,0.438403,19,29,-61.441,16.286
"226","NT","AN","ANT",530,"Netherlands Antilles",80,0.186392,19,29,-68.87,12.123
"227","AE","AE","ARE",784,"United Arab Emirates",8360,4.104291,142,145,54.163,23.549
"228","TT","TL","TLS",626,"Timor-Leste",1487,1.067285,142,35,125.878,-8.822
"229","PC","PN","PCN",612,"Pitcairn Islands",0,5e-06,9,61,-128.316,-24.366
"230","PS","PW","PLW",585,"Palau",0,0.020127,9,57,134.57,7.501
"231","RM","MH","MHL",584,"Marshall Islands",0,0.005672,9,57,168.963,7.595
"232","SB","PM","SPM",666,"Saint Pierre and Miquelon",0,0.006346,19,21,-56.325,47.042
"233","SH","SH","SHN",654,"Saint Helena",0,0.006399,2,11,-5.71,-15.953
"234","SM","SM","SMR",674,"San Marino",0,0.030214,150,39,12.46,43.942
"235","TK","TC","TCA",796,"Turks and Caicos Islands",0,0.024459,19,29,-71.95,21.902
"236","WI","EH","ESH",732,"Western Sahara",0,0.440428,2,15,-13.706,24.554
"237","RB","RS","SRB",688,"Serbia",0,9.863026,150,39,20.806,44.032
"238","VT","VA","VAT",336,"Holy See (Vatican City)",0,0.000783,150,39,12.451,41.904
"239","SV","SJ","SJM",744,"Svalbard",0,NA,150,154,18.374,78.83
"240","RN","MF","MAF",663,"Saint Martin",0,NA,19,29,-63.041,18.094
"241","TB","BL","BLM",652,"Saint Barthelemy",0,NA,19,29,-63.043,18.04
"242","GK","GG","GGY",831,"Guernsey",0,NA,150,154,-2.576,49.459
"243","JE","JE","JEY",832,"Jersey",0,NA,150,154,-2.129,49.219
"244","SX","GS","SGS",239,"South Georgia South Sandwich Islands",0,NA,0,0,-36.891,-54.209
"245","TW","TW","TWN",158,"Taiwan",0,NA,0,0,120.946,23.754
